"Name (Lastname, Firstname)",Affiliation,Email,Latest Publication Date
"Agrawal, A.",,,2024
"Ahuja, A.",,,2024
"Akbar, U.",,,2023
"Alamia, A.",,,2025
"Amso, D.",,,2021
"Andeol, L.",,,2024
"Angelino, K.",,,2025
"Arcaro, M.",,,2023
"Ashok, A.K.",,,2025
"Baumgartner, H.",,,2021
"Bethune, L.",,,2024
"Boissin, T.",,,2025
"Borton, D.A.",,,2025
"Boutin, V.",,,2025
"Brown, S.",,,2023
"Béthune, L.",,,2025
"Cadene, R.",,,2023
"Cadène, R.",,,2023
"Calvert, J.S.",,,2025
"Capelle, M.",,,2023
"Castello, N.A.",,,2021
"Chalvidal, M.",,,2023
"Chen, S.",,,2024
"Cheng, Y.",,,2024
"Chitnis, G.",,,2025
"Colin, J",,,2023
"Colin, J.",,,2023
"Cord, M.",,,2021
"Cúneo, N.R.",,,2021
"Darie, R.",,,2025
"Desrochers, T.",,,2024
"Donovan, M.P.",,,2021
"Du, Y.",,,2025
"Ducoffe, M.",,,2023
"Erwin, D.M.",,,2021
"Fel, T",,,2022
"Fel, T.",,,2025
"Feng, P.",,,2025
"Finkbeiner, S.",,,2021
"Flandin, G.",,,2022
"Fleischmann, A.",,,2023
"Frank, M.J.",,,2023
"Fridley, J.S.",,,2025
"Gandolfo, M.A.",,,2021
"Gaonkar, G.",,,2025
"Gardes, L.",,,2023
"Goetschalckx, L.",,,2023
"González-Akre, E.",,,2021
"Govindarajan, L.",,,2021
"Govindarajan, L.N.",,,2025
"Gunther, K.",,,2021
"Gupta, P.",,,2021
"Hermann, K.",,,2024
"Herrera, F.",,,2021
"Hervier, L.",,,2022
"Hu, S.",,,2021
"Iglesias, A.",,,2021
"Iyassu, Y.",,,2025
"Jang, J.",,,2025
"Javaherian, A.",,,2021
"Johnson, K.R.",,,2021
"Jung, M.",,,2022
"Kakodkar, R.",,,2022
"Kalra, J.",,,2021
"Kant, S.",,,2023
"Karim, T.S.",,,2021
"Khalil, F.",,,2024
"Kim, J.K.",,,2021
"Kim, S.",,,2021
"Klinge, P.",,,2023
"Lake, B.M.",,,2024
"Lampinen, A.K.",,,2024
"Lamstein, J.",,,2021
"Leary, O.P.",,,2023
"Lepori, M.A.",,,2024
"Levin, Z.",,,2023
"Lewis, F.E",,,2023
"Lewis, F.E.",,,2025
"Li, L.",,,2024
"Lindsay, G.",,,2021
"Linsley, D.",,,2025
"Linsley, D.A.",,,2021
"Linsley, J.W.",,,2021
"Liu, R.G.",,,2023
"Livingstone, M.",,,2023
"Lovinger, K.",,,2024
"Lynn, A.",,,2021
"Malik, G.",,,2025
"McLaughlin, B.L.",,,2025
"McLeod, H.",,,2024
"Meyer, H.W.",,,2021
"Mingolla, E.",,,2025
"Miranda, P.",,,2022
"Moayeri, M.",,,2023
"Mora, V.",,,2023
"Mukherji, R.",,,2024
"Musslick, S.",,,2022
"Muzellec, S.",,,2025
"Nagaraj, A.",,,2025
"Nicodeme, C.",,,2022
"Nicodème, C.",,,2023
"Novello, P.",,,2023
"Olaiya, S.",,,2025
"Oza, V.",,,2021
"Parker, S.R.",,,2025
"Pavlick, E.",,,2025
"Picard, A.",,,2023
"Pizlo, Z.",,,2025
"Placido, D.",,,2021
"Plakoo, J.",,,2022
"Poche, A.",,,2022
"Ramachandran, S.",,,2024
"Reuter, M.",,,2023
"Ricci, M.",,,2021
"Rodriguez, I.F.",,,2024
"Rodriguez, N.Y.",,,2024
"Roelfsema, P.",,,2025
"Rose, J.A.",,,2021
"Rousseau, T.",,,2023
"Ruocco, M.G.",,,2023
"Ryan, G.",,,2021
"Saeed-Vafa, D.",,,2024
"Saha, R.",,,2021
"Serre, T.",,,2025
"Shaaya, E.",,,2025
"Shah, K.",,,2021
"Shahamatdar, S.",,,2024
"Sharma, S.",,,2023
"Sharma, T.",,,2021
"Sheinber, D.",,,2022
"Sheinberg, D.",,,2024
"Sheinberg, D.L.",,,2023
"Singhal, L.",,,2023
"Soni, A.",,,2021
"Spagnuolo, E.J.",,,2022
"Svokos, K.",,,2023
"T, T. Serre.",,,2022
"Tanfous, A. Ben",,,2022
"Tartaglini, A.R.",,,2024
"Thakkar, K.",,,2021
"Thomas, X.",,,2022
"Tokuno, Z.",,,2021
"Vaishnav, M",,,2023
"Vaishnav, M.",,,2022
"VanRullen, R.",,,2025
"Veerabadran, V.",,,2021
"Vigouroux, D.",,,2025
"Vong, W.K.",,,2024
"Wang, S.",,,2021
"Watanabe, T.",,,2024
"Wilf, P.",,,2022
"Wing, S.L.",,,2021
"Zerroug, A.",,,2022
"Zhang, Y.",,,2021
"Zhou, P.",,,2025
"Zou, X.",,,2021
